f_farmerkey,f_fieldkey,f_firstname,f_surname
1,1,James,Holloway
2,2,Sofia,Ramirez
3,3,Noah,Patel
4,4,Aisha,Khan
5,5,Liam,Nguyen
6,6,Olivia,Bennett
7,7,Ethan,Okoro
8,8,Isabella,Martinez
9,9,Lucas,Chen
10,10,Mia,Anderson
11,11,Alexander,Garcia
12,12,Harper,Ali
13,13,Benjamin,Silva
14,14,Ella,Johnson
15,15,Henry,Thomas
16,16,Grace,Williams
17,17,Daniel,Kim
18,18,Amara,Mensah
19,19,Jack,O'Connor
20,20,Chloe,White
21,21,Jacob,Peterson
22,22,Sarah,Lee
23,23,Matthew,Rossi
24,24,Emily,Tan
25,25,William,Smith
26,26,Charlotte,Davis
27,27,Samuel,Moore
28,28,Nora,Hernandez
29,29,David,Brown
30,30,Zoe,Clark